,status,day,x,y
100137,OK,1,0,0
102611,OK,2,0,0
104955,OK,3,0,0
107341,OK,4,0,0
109724,OK,5,0,0
112134,OK,6,0,0
114611,OK,7,0,0
116986,OK,8,0,0
119395,OK,9,0,0
121727,OK,10,0,0
124160,OK,11,0,0
126557,OK,12,0,0
128962,OK,13,0,0
131344,OK,14,0,0
133814,OK,15,0,0
136178,OK,16,0,0
138527,OK,17,0,0
141004,OK,18,0,0
143378,OK,19,0,0
145728,OK,20,0,0
148128,OK,21,0,0
150524,OK,22,0,0
153006,OK,23,0,0
155347,OK,24,0,0
157778,OK,25,0,0
160184,OK,26,0,0
162526,OK,27,0,0
164979,OK,28,0,0
167417,OK,29,0,0
169790,OK,30,0,0
172210,OK,31,0,0
100127,OK,1,1,0
102526,OK,2,1,0
104992,OK,3,1,0
107371,OK,4,1,0
109789,OK,5,1,0
112181,OK,6,1,0
114537,OK,7,1,0
116982,OK,8,1,0
119417,OK,9,1,0
121790,OK,10,1,0
124170,OK,11,1,0
126614,OK,12,1,0
128925,OK,13,1,0
131406,OK,14,1,0
133787,OK,15,1,0
136128,OK,16,1,0
138568,OK,17,1,0
140967,OK,18,1,0
143419,OK,19,1,0
145743,OK,20,1,0
148164,OK,21,1,0
150557,OK,22,1,0
152927,OK,23,1,0
155366,OK,24,1,0
157804,OK,25,1,0
160172,OK,26,1,0
162538,OK,27,1,0
164967,OK,28,1,0
167336,FAIL,29,1,0
169805,OK,30,1,0
172192,OK,31,1,0
100142,OK,1,2,0
102547,OK,2,2,0
104962,FAIL,3,2,0
107378,OK,4,2,0
109726,OK,5,2,0
112140,OK,6,2,0
114539,OK,7,2,0
116993,OK,8,2,0
119331,OK,9,2,0
121753,OK,10,2,0
124218,OK,11,2,0
126536,OK,12,2,0
128969,OK,13,2,0
131378,OK,14,2,0
133799,OK,15,2,0
136210,OK,16,2,0
138528,OK,17,2,0
141007,OK,18,2,0
143364,OK,19,2,0
145810,OK,20,2,0
148188,OK,21,2,0
150606,OK,22,2,0
152954,OK,23,2,0
155355,OK,24,2,0
157788,OK,25,2,0
160154,OK,26,2,0
162536,OK,27,2,0
164954,OK,28,2,0
167364,OK,29,2,0
169757,OK,30,2,0
172154,OK,31,2,0
100125,OK,1,3,0
102581,OK,2,3,0
105012,OK,3,3,0
107388,OK,4,3,0
109757,OK,5,3,0
112150,OK,6,3,0
114572,OK,7,3,0
116961,OK,8,3,0
119371,OK,9,3,0
121816,OK,10,3,0
124185,OK,11,3,0
126596,OK,12,3,0
128927,OK,13,3,0
131382,OK,14,3,0
133721,OK,15,3,0
136157,OK,16,3,0
138607,OK,17,3,0
140986,OK,18,3,0
143404,OK,19,3,0
145766,OK,20,3,0
148155,OK,21,3,0
150555,OK,22,3,0
152958,OK,23,3,0
155407,OK,24,3,0
157724,OK,25,3,0
160157,OK,26,3,0
162598,OK,27,3,0
164934,OK,28,3,0
167380,OK,29,3,0
169722,OK,30,3,0
172146,OK,31,3,0
100181,OK,1,4,0
102586,OK,2,4,0
104977,OK,3,4,0
107336,OK,4,4,0
109778,OK,5,4,0
112185,OK,6,4,0
114555,OK,7,4,0
116983,OK,8,4,0
119335,OK,9,4,0
121740,OK,10,4,0
124188,OK,11,4,0
126593,OK,12,4,0
128937,OK,13,4,0
131330,OK,14,4,0
133802,OK,15,4,0
136195,OK,16,4,0
138556,OK,17,4,0
140992,OK,18,4,0
143332,OK,19,4,0
145783,OK,20,4,0
148208,OK,21,4,0
150538,OK,22,4,0
153016,OK,23,4,0
155371,OK,24,4,0
157757,OK,25,4,0
160208,OK,26,4,0
162540,OK,27,4,0
164993,OK,28,4,0
167410,OK,29,4,0
169778,OK,30,4,0
172186,OK,31,4,0
100124,OK,1,5,0
102528,OK,2,5,0
104939,OK,3,5,0
107320,OK,4,5,0
109765,OK,5,5,0
112121,OK,6,5,0
114563,OK,7,5,0
116921,OK,8,5,0
119333,OK,9,5,0
121789,OK,10,5,0
124139,OK,11,5,0
126541,OK,12,5,0
128949,OK,13,5,0
131323,OK,14,5,0
133812,OK,15,5,0
136159,OK,16,5,0
138523,OK,17,5,0
140946,OK,18,5,0
143394,OK,19,5,0
145746,OK,20,5,0
148198,OK,21,5,0
150540,OK,22,5,0
152939,OK,23,5,0
155325,OK,24,5,0
157776,OK,25,5,0
160140,OK,26,5,0
162613,OK,27,5,0
164944,OK,28,5,0
167411,OK,29,5,0
169765,OK,30,5,0
172219,OK,31,5,0
100145,OK,1,6,0
102603,OK,2,6,0
104925,OK,3,6,0
107342,OK,4,6,0
109781,OK,5,6,0
112170,OK,6,6,0
114568,OK,7,6,0
117016,OK,8,6,0
119372,OK,9,6,0
121795,OK,10,6,0
124142,OK,11,6,0
126556,OK,12,6,0
128980,OK,13,6,0
131367,OK,14,6,0
133755,OK,15,6,0
136143,OK,16,6,0
138567,OK,17,6,0
140951,OK,18,6,0
143406,OK,19,6,0
145784,OK,20,6,0
148131,OK,21,6,0
150543,OK,22,6,0
153017,OK,23,6,0
155334,OK,24,6,0
157758,OK,25,6,0
160180,OK,26,6,0
162556,OK,27,6,0
164956,OK,28,6,0
167408,OK,29,6,0
169796,OK,30,6,0
172147,OK,31,6,0
100210,OK,1,7,0
102563,OK,2,7,0
104971,OK,3,7,0
107368,OK,4,7,0
109762,OK,5,7,0
112178,OK,6,7,0
114591,OK,7,7,0
116953,OK,8,7,0
119390,OK,9,7,0
121742,OK,10,7,0
124219,OK,11,7,0
126595,OK,12,7,0
128966,OK,13,7,0
131409,OK,14,7,0
133732,OK,15,7,0
136160,OK,16,7,0
138572,OK,17,7,0
140963,OK,18,7,0
143380,OK,19,7,0
145813,OK,20,7,0
148172,OK,21,7,0
150575,OK,22,7,0
152973,OK,23,7,0
155374,OK,24,7,0
157761,OK,25,7,0
160160,OK,26,7,0
162528,OK,27,7,0
164980,OK,28,7,0
167384,OK,29,7,0
169769,OK,30,7,0
172207,OK,31,7,0
100175,OK,1,8,0
102578,OK,2,8,0
104958,OK,3,8,0
107347,OK,4,8,0
109806,OK,5,8,0
112218,OK,6,8,0
114588,OK,7,8,0
116925,OK,8,8,0
119346,OK,9,8,0
121800,OK,10,8,0
124164,OK,11,8,0
126543,OK,12,8,0
128958,OK,13,8,0
131419,FAIL,14,8,0
133722,OK,15,8,0
136146,OK,16,8,0
138612,OK,17,8,0
141000,OK,18,8,0
143415,OK,19,8,0
145769,OK,20,8,0
148156,OK,21,8,0
150581,OK,22,8,0
152956,OK,23,8,0
155340,OK,24,8,0
157731,OK,25,8,0
160138,OK,26,8,0
162542,OK,27,8,0
164976,OK,28,8,0
167388,OK,29,8,0
169814,OK,30,8,0
172196,OK,31,8,0
100178,OK,1,9,0
102538,OK,2,9,0
105014,OK,3,9,0
107369,OK,4,9,0
109805,OK,5,9,0
112161,OK,6,9,0
114616,OK,7,9,0
116944,OK,8,9,0
119394,OK,9,9,0
121784,OK,10,9,0
124131,OK,11,9,0
126535,OK,12,9,0
128924,OK,13,9,0
131377,OK,14,9,0
133766,OK,15,9,0
136191,OK,16,9,0
138521,OK,17,9,0
140974,OK,18,9,0
143399,OK,19,9,0
145782,OK,20,9,0
148143,OK,21,9,0
150612,OK,22,9,0
152994,OK,23,9,0
155330,OK,24,9,0
157735,OK,25,9,0
160211,OK,26,9,0
162558,OK,27,9,0
164969,OK,28,9,0
167368,OK,29,9,0
169812,OK,30,9,0
172175,OK,31,9,0
100171,OK,1,0,10
102614,OK,2,0,10
104947,OK,3,0,10
107344,OK,4,0,10
109796,OK,5,0,10
112198,OK,6,0,10
114527,OK,7,0,10
116969,OK,8,0,10
119391,OK,9,0,10
121771,OK,10,0,10
124196,OK,11,0,10
126532,OK,12,0,10
128963,OK,13,0,10
131324,OK,14,0,10
133746,OK,15,0,10
136168,OK,16,0,10
138588,OK,17,0,10
141012,OK,18,0,10
143401,OK,19,0,10
145727,OK,20,0,10
148137,OK,21,0,10
150561,OK,22,0,10
152970,OK,23,0,10
155389,OK,24,0,10
157730,OK,25,0,10
160133,OK,26,0,10
162579,OK,27,0,10
164992,OK,28,0,10
167351,OK,29,0,10
169720,OK,30,0,10
172218,OK,31,0,10
100166,OK,1,1,10
102573,OK,2,1,10
104969,OK,3,1,10
107365,OK,4,1,10
109758,OK,5,1,10
112131,OK,6,1,10
114541,OK,7,1,10
117005,OK,8,1,10
119358,OK,9,1,10
121766,OK,10,1,10
124120,OK,11,1,10
126572,OK,12,1,10
129018,OK,13,1,10
131413,OK,14,1,10
133750,OK,15,1,10
136208,OK,16,1,10
138558,OK,17,1,10
140983,OK,18,1,10
143382,OK,19,1,10
145817,OK,20,1,10
148187,OK,21,1,10
150559,OK,22,1,10
152964,OK,23,1,10
155386,OK,24,1,10
157796,OK,25,1,10
160216,OK,26,1,10
162587,OK,27,1,10
164987,OK,28,1,10
167376,OK,29,1,10
169761,OK,30,1,10
172150,OK,31,1,10
100151,OK,1,2,10
102608,OK,2,2,10
104945,OK,3,2,10
107328,OK,4,2,10
109803,OK,5,2,10
112123,OK,6,2,10
114582,OK,7,2,10
116991,OK,8,2,10
119384,OK,9,2,10
121770,OK,10,2,10
124155,OK,11,2,10
126586,OK,12,2,10
128930,OK,13,2,10
131410,OK,14,2,10
133768,OK,15,2,10
136206,OK,16,2,10
138534,OK,17,2,10
140940,OK,18,2,10
143397,OK,19,2,10
145778,OK,20,2,10
148175,OK,21,2,10
150521,FAIL,22,2,10
152945,OK,23,2,10
155324,OK,24,2,10
157764,OK,25,2,10
160173,OK,26,2,10
162612,OK,27,2,10
165012,OK,28,2,10
167331,OK,29,2,10
169763,OK,30,2,10
172157,OK,31,2,10
100182,OK,1,3,10
102604,OK,2,3,10
104998,OK,3,3,10
107375,OK,4,3,10
109818,OK,5,3,10
112202,OK,6,3,10
114529,OK,7,3,10
116999,OK,8,3,10
119381,OK,9,3,10
121757,OK,10,3,10
124129,OK,11,3,10
126562,OK,12,3,10
128981,OK,13,3,10
131369,OK,14,3,10
133749,OK,15,3,10
136129,OK,16,3,10
138543,OK,17,3,10
141010,OK,18,3,10
143373,OK,19,3,10
145730,OK,20,3,10
148192,OK,21,3,10
150560,OK,22,3,10
152976,OK,23,3,10
155415,OK,24,3,10
157812,OK,25,3,10
160168,OK,26,3,10
162546,OK,27,3,10
164977,OK,28,3,10
167365,OK,29,3,10
169736,OK,30,3,10
172213,OK,31,3,10
100121,OK,1,4,10
102607,OK,2,4,10
104941,OK,3,4,10
107377,OK,4,4,10
109771,OK,5,4,10
112142,OK,6,4,10
114533,OK,7,4,10
116963,OK,8,4,10
119325,OK,9,4,10
121787,OK,10,4,10
124169,OK,11,4,10
126540,OK,12,4,10
128928,OK,13,4,10
131361,OK,14,4,10
133810,OK,15,4,10
136202,OK,16,4,10
138578,OK,17,4,10
140973,OK,18,4,10
143323,OK,19,4,10
145725,OK,20,4,10
148134,OK,21,4,10
150558,OK,22,4,10
152926,OK,23,4,10
155348,OK,24,4,10
157738,OK,25,4,10
160194,OK,26,4,10
162547,OK,27,4,10
164972,OK,28,4,10
167349,OK,29,4,10
169735,OK,30,4,10
172142,OK,31,4,10
100123,OK,1,5,10
102525,OK,2,5,10
105015,OK,3,5,10
107361,OK,4,5,10
109814,OK,5,5,10
112201,OK,6,5,10
114535,OK,7,5,10
116941,OK,8,5,10
119418,OK,9,5,10
121780,OK,10,5,10
124133,OK,11,5,10
126550,OK,12,5,10
128995,OK,13,5,10
131331,OK,14,5,10
133773,OK,15,5,10
136145,OK,16,5,10
138524,OK,17,5,10
140979,OK,18,5,10
143334,OK,19,5,10
145779,OK,20,5,10
148145,OK,21,5,10
150580,OK,22,5,10
152977,OK,23,5,10
155372,OK,24,5,10
157818,OK,25,5,10
160215,OK,26,5,10
162564,OK,27,5,10
164973,OK,28,5,10
167346,OK,29,5,10
169741,OK,30,5,10
172158,OK,31,5,10
100192,OK,1,6,10
102585,OK,2,6,10
104967,OK,3,6,10
107366,OK,4,6,10
109788,OK,5,6,10
112188,OK,6,6,10
114544,OK,7,6,10
116981,OK,8,6,10
119342,OK,9,6,10
121745,OK,10,6,10
124153,OK,11,6,10
126538,OK,12,6,10
128997,OK,13,6,10
131353,OK,14,6,10
133736,OK,15,6,10
136124,OK,16,6,10
138615,OK,17,6,10
140924,OK,18,6,10
143354,OK,19,6,10
145747,OK,20,6,10
148219,OK,21,6,10
150617,OK,22,6,10
152929,OK,23,6,10
155375,OK,24,6,10
157780,OK,25,6,10
160185,OK,26,6,10
162533,OK,27,6,10
164923,OK,28,6,10
167324,OK,29,6,10
169751,OK,30,6,10
172183,OK,31,6,10
100218,OK,1,7,10
102545,OK,2,7,10
105006,OK,3,7,10
107407,OK,4,7,10
109760,OK,5,7,10
112208,OK,6,7,10
114567,OK,7,7,10
116927,OK,8,7,10
119401,OK,9,7,10
121764,OK,10,7,10
124175,OK,11,7,10
126567,OK,12,7,10
128920,OK,13,7,10
131384,OK,14,7,10
133772,OK,15,7,10
136180,OK,16,7,10
138522,OK,17,7,10
140927,OK,18,7,10
143345,OK,19,7,10
145777,OK,20,7,10
148170,OK,21,7,10
150556,OK,22,7,10
153010,OK,23,7,10
155320,OK,24,7,10
157720,OK,25,7,10
160218,OK,26,7,10
162554,OK,27,7,10
164981,OK,28,7,10
167382,OK,29,7,10
169760,OK,30,7,10
172168,OK,31,7,10
100215,OK,1,8,10
102601,OK,2,8,10
104964,OK,3,8,10
107370,OK,4,8,10
109779,OK,5,8,10
112184,OK,6,8,10
114589,OK,7,8,10
117017,OK,8,8,10
119351,OK,9,8,10
121807,OK,10,8,10
124140,OK,11,8,10
126600,OK,12,8,10
128988,OK,13,8,10
131327,OK,14,8,10
133798,OK,15,8,10
136184,OK,16,8,10
138538,OK,17,8,10
140981,OK,18,8,10
143377,OK,19,8,10
145723,OK,20,8,10
148147,OK,21,8,10
150579,OK,22,8,10
152967,OK,23,8,10
155331,OK,24,8,10
157732,OK,25,8,10
160121,OK,26,8,10
162529,OK,27,8,10
164948,OK,28,8,10
167407,OK,29,8,10
169730,OK,30,8,10
172129,OK,31,8,10
100143,OK,1,9,10
102534,OK,2,9,10
105011,OK,3,9,10
107345,OK,4,9,10
109811,OK,5,9,10
112132,OK,6,9,10
114540,OK,7,9,10
116934,OK,8,9,10
119412,OK,9,9,10
121778,OK,10,9,10
124150,OK,11,9,10
126561,OK,12,9,10
128952,OK,13,9,10
131362,OK,14,9,10
133811,OK,15,9,10
136162,OK,16,9,10
138603,OK,17,9,10
140994,OK,18,9,10
143341,OK,19,9,10
145770,OK,20,9,10
148201,OK,21,9,10
150528,OK,22,9,10
152924,OK,23,9,10
155344,OK,24,9,10
157740,OK,25,9,10
160182,OK,26,9,10
162618,OK,27,9,10
164942,OK,28,9,10
167396,OK,29,9,10
169729,OK,30,9,10
172204,OK,31,9,10
100203,OK,1,0,20
102543,OK,2,0,20
104968,OK,3,0,20
107417,FAIL,4,0,20
109791,OK,5,0,20
112152,OK,6,0,20
114613,OK,7,0,20
116942,OK,8,0,20
119359,OK,9,0,20
121812,OK,10,0,20
124123,OK,11,0,20
126598,OK,12,0,20
129012,OK,13,0,20
131339,OK,14,0,20
133800,OK,15,0,20
136141,OK,16,0,20
138584,OK,17,0,20
140932,OK,18,0,20
143372,OK,19,0,20
145755,OK,20,0,20
148174,OK,21,0,20
150589,OK,22,0,20
153018,OK,23,0,20
155419,OK,24,0,20
157813,OK,25,0,20
160191,OK,26,0,20
162566,OK,27,0,20
164970,OK,28,0,20
167395,OK,29,0,20
169818,OK,30,0,20
172162,OK,31,0,20
100188,OK,1,1,20
102590,OK,2,1,20
105018,OK,3,1,20
107387,OK,4,1,20
109786,OK,5,1,20
112154,OK,6,1,20
114564,OK,7,1,20
116977,OK,8,1,20
119347,OK,9,1,20
121728,OK,10,1,20
124217,OK,11,1,20
126618,OK,12,1,20
128973,OK,13,1,20
131358,OK,14,1,20
133757,OK,15,1,20
136152,OK,16,1,20
138610,OK,17,1,20
140937,OK,18,1,20
143366,OK,19,1,20
145756,OK,20,1,20
148161,OK,21,1,20
150532,OK,22,1,20
152978,OK,23,1,20
155401,OK,24,1,20
157769,OK,25,1,20
160148,OK,26,1,20
162604,OK,27,1,20
164926,OK,28,1,20
167418,OK,29,1,20
169801,OK,30,1,20
172179,OK,31,1,20
100164,OK,1,2,20
102584,OK,2,2,20
104936,OK,3,2,20
107412,OK,4,2,20
109766,OK,5,2,20
112147,OK,6,2,20
114549,OK,7,2,20
116956,OK,8,2,20
119404,OK,9,2,20
121743,OK,10,2,20
124179,OK,11,2,20
126571,OK,12,2,20
128942,OK,13,2,20
131359,OK,14,2,20
133816,OK,15,2,20
136188,OK,16,2,20
138571,OK,17,2,20
140957,OK,18,2,20
143385,OK,19,2,20
145775,OK,20,2,20
148215,OK,21,2,20
150605,OK,22,2,20
152960,OK,23,2,20
155321,OK,24,2,20
157790,OK,25,2,20
160219,OK,26,2,20
162610,OK,27,2,20
164950,OK,28,2,20
167339,OK,29,2,20
169781,OK,30,2,20
172132,OK,31,2,20
100154,OK,1,3,20
102558,OK,2,3,20
104984,OK,3,3,20
107416,OK,4,3,20
109790,OK,5,3,20
112155,OK,6,3,20
114520,OK,7,3,20
116962,OK,8,3,20
119377,OK,9,3,20
121765,OK,10,3,20
124206,OK,11,3,20
126522,OK,12,3,20
128972,OK,13,3,20
131394,OK,14,3,20
133741,OK,15,3,20
136140,OK,16,3,20
138529,OK,17,3,20
140954,OK,18,3,20
143326,OK,19,3,20
145804,OK,20,3,20
148163,OK,21,3,20
150564,OK,22,3,20
152934,OK,23,3,20
155339,OK,24,3,20
157781,OK,25,3,20
160131,OK,26,3,20
162535,OK,27,3,20
164971,OK,28,3,20
167374,OK,29,3,20
169773,OK,30,3,20
172145,OK,31,3,20
100173,OK,1,4,20
102612,OK,2,4,20
104997,OK,3,4,20
107373,OK,4,4,20
109802,OK,5,4,20
112182,OK,6,4,20
114569,OK,7,4,20
116931,OK,8,4,20
119365,OK,9,4,20
121724,OK,10,4,20
124176,OK,11,4,20
126594,OK,12,4,20
129008,OK,13,4,20
131325,OK,14,4,20
133801,OK,15,4,20
136121,OK,16,4,20
138573,OK,17,4,20
140968,OK,18,4,20
143358,OK,19,4,20
145733,OK,20,4,20
148202,OK,21,4,20
150523,OK,22,4,20
152979,OK,23,4,20
155414,OK,24,4,20
157807,OK,25,4,20
160153,OK,26,4,20
162531,OK,27,4,20
164932,OK,28,4,20
167358,OK,29,4,20
169789,OK,30,4,20
172180,OK,31,4,20
100157,OK,1,5,20
102569,OK,2,5,20
104991,OK,3,5,20
107383,OK,4,5,20
109769,OK,5,5,20
112169,OK,6,5,20
114598,OK,7,5,20
116971,OK,8,5,20
119356,OK,9,5,20
121722,OK,10,5,20
124211,OK,11,5,20
126585,OK,12,5,20
129009,OK,13,5,20
131401,OK,14,5,20
133734,OK,15,5,20
136130,OK,16,5,20
138596,OK,17,5,20
140920,OK,18,5,20
143386,OK,19,5,20
145772,OK,20,5,20
148139,OK,21,5,20
150596,OK,22,5,20
152925,OK,23,5,20
155385,OK,24,5,20
157742,OK,25,5,20
160201,OK,26,5,20
162550,OK,27,5,20
164957,OK,28,5,20
167320,OK,29,5,20
169785,OK,30,5,20
172206,OK,31,5,20
100180,OK,1,6,20
102588,OK,2,6,20
104951,OK,3,6,20
107390,OK,4,6,20
109798,OK,5,6,20
112195,OK,6,6,20
114534,OK,7,6,20
116972,OK,8,6,20
119419,OK,9,6,20
121754,OK,10,6,20
124174,OK,11,6,20
126603,OK,12,6,20
129003,OK,13,6,20
131389,OK,14,6,20
133761,OK,15,6,20
136194,OK,16,6,20
138606,OK,17,6,20
141017,OK,18,6,20
143333,OK,19,6,20
145785,OK,20,6,20
148165,OK,21,6,20
150563,OK,22,6,20
152937,OK,23,6,20
155400,OK,24,6,20
157722,OK,25,6,20
160143,OK,26,6,20
162552,OK,27,6,20
164991,OK,28,6,20
167327,OK,29,6,20
169794,OK,30,6,20
172208,OK,31,6,20
100204,OK,1,7,20
102541,OK,2,7,20
104963,OK,3,7,20
107395,OK,4,7,20
109764,OK,5,7,20
112168,OK,6,7,20
114580,OK,7,7,20
116936,OK,8,7,20
119321,OK,9,7,20
121810,OK,10,7,20
124208,OK,11,7,20
126617,OK,12,7,20
128992,OK,13,7,20
131414,OK,14,7,20
133727,OK,15,7,20
136193,OK,16,7,20
138548,OK,17,7,20
141011,OK,18,7,20
143414,OK,19,7,20
145748,OK,20,7,20
148184,OK,21,7,20
150593,OK,22,7,20
153011,OK,23,7,20
155399,OK,24,7,20
157791,OK,25,7,20
160146,OK,26,7,20
162559,OK,27,7,20
164955,OK,28,7,20
167354,OK,29,7,20
169767,OK,30,7,20
172172,OK,31,7,20
100179,OK,1,8,20
102595,OK,2,8,20
104954,OK,3,8,20
107402,OK,4,8,20
109817,OK,5,8,20
112156,OK,6,8,20
114583,OK,7,8,20
116928,OK,8,8,20
119361,OK,9,8,20
121739,OK,10,8,20
124194,OK,11,8,20
126619,OK,12,8,20
128985,OK,13,8,20
131328,OK,14,8,20
133720,OK,15,8,20
136196,OK,16,8,20
138608,OK,17,8,20
140945,OK,18,8,20
143337,OK,19,8,20
145734,OK,20,8,20
148154,OK,21,8,20
150552,OK,22,8,20
152974,OK,23,8,20
155367,OK,24,8,20
157777,OK,25,8,20
160130,OK,26,8,20
162593,OK,27,8,20
164925,OK,28,8,20
167344,OK,29,8,20
169776,OK,30,8,20
172163,OK,31,8,20
100185,OK,1,9,20
102583,OK,2,9,20
104957,OK,3,9,20
107376,OK,4,9,20
109745,OK,5,9,20
112187,OK,6,9,20
114609,OK,7,9,20
116978,OK,8,9,20
119370,OK,9,9,20
121808,OK,10,9,20
124135,OK,11,9,20
126613,OK,12,9,20
128923,OK,13,9,20
131399,OK,14,9,20
133819,OK,15,9,20
136154,OK,16,9,20
138577,OK,17,9,20
140978,OK,18,9,20
143329,OK,19,9,20
145744,OK,20,9,20
148158,OK,21,9,20
150619,OK,22,9,20
152999,OK,23,9,20
155354,OK,24,9,20
157747,OK,25,9,20
160199,OK,26,9,20
162588,OK,27,9,20
165003,OK,28,9,20
167394,OK,29,9,20
169813,OK,30,9,20
172176,OK,31,9,20
100195,OK,1,0,30
102567,OK,2,0,30
105002,OK,3,0,30
107397,OK,4,0,30
109729,OK,5,0,30
112179,OK,6,0,30
114571,OK,7,0,30
116920,OK,8,0,30
119385,OK,9,0,30
121814,OK,10,0,30
124192,OK,11,0,30
126548,OK,12,0,30
128974,OK,13,0,30
131356,OK,14,0,30
133786,OK,15,0,30
136120,OK,16,0,30
138574,OK,17,0,30
140958,OK,18,0,30
143349,OK,19,0,30
145750,OK,20,0,30
148138,OK,21,0,30
150533,OK,22,0,30
152921,OK,23,0,30
155346,OK,24,0,30
157793,OK,25,0,30
160203,OK,26,0,30
162575,OK,27,0,30
164984,OK,28,0,30
167409,OK,29,0,30
169806,OK,30,0,30
172152,OK,31,0,30
100131,OK,1,1,30
102616,OK,2,1,30
105016,OK,3,1,30
107372,OK,4,1,30
109755,OK,5,1,30
112193,OK,6,1,30
114604,OK,7,1,30
116939,OK,8,1,30
119323,OK,9,1,30
121817,OK,10,1,30
124173,OK,11,1,30
126547,OK,12,1,30
128938,OK,13,1,30
131338,OK,14,1,30
133780,OK,15,1,30
136189,OK,16,1,30
138546,OK,17,1,30
140926,OK,18,1,30
143357,OK,19,1,30
145807,OK,20,1,30
148217,OK,21,1,30
150546,OK,22,1,30
152943,OK,23,1,30
155357,OK,24,1,30
157726,OK,25,1,30
160212,OK,26,1,30
162595,OK,27,1,30
165014,OK,28,1,30
167400,OK,29,1,30
169727,OK,30,1,30
172187,OK,31,1,30
100146,OK,1,2,30
102618,OK,2,2,30
104993,OK,3,2,30
107330,OK,4,2,30
109775,OK,5,2,30
112144,OK,6,2,30
114570,OK,7,2,30
116938,OK,8,2,30
119362,OK,9,2,30
121797,OK,10,2,30
124213,OK,11,2,30
126520,OK,12,2,30
128971,OK,13,2,30
131366,OK,14,2,30
133765,OK,15,2,30
136211,OK,16,2,30
138553,OK,17,2,30
140952,OK,18,2,30
143336,OK,19,2,30
145789,OK,20,2,30
148195,OK,21,2,30
150535,OK,22,2,30
153005,OK,23,2,30
155384,OK,24,2,30
157797,OK,25,2,30
160175,OK,26,2,30
162586,OK,27,2,30
164933,OK,28,2,30
167385,OK,29,2,30
169732,OK,30,2,30
172195,OK,31,2,30
100134,OK,1,3,30
102561,OK,2,3,30
104950,OK,3,3,30
107418,OK,4,3,30
109799,OK,5,3,30
112139,OK,6,3,30
114581,OK,7,3,30
116952,OK,8,3,30
119405,OK,9,3,30
121749,OK,10,3,30
124137,OK,11,3,30
126534,OK,12,3,30
128987,OK,13,3,30
131402,OK,14,3,30
133729,OK,15,3,30
136212,OK,16,3,30
138560,OK,17,3,30
140928,OK,18,3,30
143353,OK,19,3,30
145788,OK,20,3,30
148177,OK,21,3,30
150616,OK,22,3,30
152947,OK,23,3,30
155329,OK,24,3,30
157750,OK,25,3,30
160158,OK,26,3,30
162591,OK,27,3,30
165007,OK,28,3,30
167386,OK,29,3,30
169752,OK,30,3,30
172173,OK,31,3,30
100193,OK,1,4,30
102554,OK,2,4,30
104924,OK,3,4,30
107337,OK,4,4,30
109753,OK,5,4,30
112120,OK,6,4,30
114523,OK,7,4,30
116990,OK,8,4,30
119320,OK,9,4,30
121759,OK,10,4,30
124146,OK,11,4,30
126549,OK,12,4,30
128996,OK,13,4,30
131379,OK,14,4,30
133775,OK,15,4,30
136150,OK,16,4,30
138549,OK,17,4,30
141006,OK,18,4,30
143321,OK,19,4,30
145758,OK,20,4,30
148176,OK,21,4,30
150566,OK,22,4,30
152952,OK,23,4,30
155410,OK,24,4,30
157745,OK,25,4,30
160162,OK,26,4,30
162603,OK,27,4,30
164999,OK,28,4,30
167321,OK,29,4,30
169745,OK,30,4,30
172140,OK,31,4,30
100213,OK,1,5,30
102602,OK,2,5,30
105017,OK,3,5,30
107374,OK,4,5,30
109784,OK,5,5,30
112159,OK,6,5,30
114594,OK,7,5,30
116930,OK,8,5,30
119411,OK,9,5,30
121741,OK,10,5,30
124122,OK,11,5,30
126579,OK,12,5,30
128948,OK,13,5,30
131340,OK,14,5,30
133763,OK,15,5,30
136142,OK,16,5,30
138600,OK,17,5,30
141008,OK,18,5,30
143348,OK,19,5,30
145812,OK,20,5,30
148216,OK,21,5,30
150520,OK,22,5,30
153008,OK,23,5,30
155338,OK,24,5,30
157785,OK,25,5,30
160205,OK,26,5,30
162580,OK,27,5,30
165009,OK,28,5,30
167350,OK,29,5,30
169734,OK,30,5,30
172134,OK,31,5,30
100186,OK,1,6,30
102599,OK,2,6,30
104927,OK,3,6,30
107346,OK,4,6,30
109720,OK,5,6,30
112189,OK,6,6,30
114565,OK,7,6,30
116932,OK,8,6,30
119375,OK,9,6,30
121725,OK,10,6,30
124177,OK,11,6,30
126525,OK,12,6,30
128977,OK,13,6,30
131418,OK,14,6,30
133796,OK,15,6,30
136164,OK,16,6,30
138551,OK,17,6,30
141009,OK,18,6,30
143417,OK,19,6,30
145740,OK,20,6,30
148182,OK,21,6,30
150618,OK,22,6,30
152995,OK,23,6,30
155411,OK,24,6,30
157800,OK,25,6,30
160214,OK,26,6,30
162570,OK,27,6,30
164963,OK,28,6,30
167363,OK,29,6,30
169737,OK,30,6,30
172130,OK,31,6,30
100129,OK,1,7,30
102536,OK,2,7,30
104996,OK,3,7,30
107385,OK,4,7,30
109721,OK,5,7,30
112165,OK,6,7,30
114576,OK,7,7,30
117018,OK,8,7,30
119345,OK,9,7,30
121738,OK,10,7,30
124195,OK,11,7,30
126552,OK,12,7,30
128946,OK,13,7,30
131397,OK,14,7,30
133723,OK,15,7,30
136125,OK,16,7,30
138601,OK,17,7,30
140921,OK,18,7,30
143400,OK,19,7,30
145721,OK,20,7,30
148153,OK,21,7,30
150545,OK,22,7,30
152963,OK,23,7,30
155387,OK,24,7,30
157799,OK,25,7,30
160136,OK,26,7,30
162524,OK,27,7,30
165005,OK,28,7,30
167342,OK,29,7,30
169749,OK,30,7,30
172190,OK,31,7,30
100160,OK,1,8,30
102587,OK,2,8,30
105005,OK,3,8,30
107409,OK,4,8,30
109744,OK,5,8,30
112212,OK,6,8,30
114550,OK,7,8,30
116954,OK,8,8,30
119393,OK,9,8,30
121783,OK,10,8,30
124204,OK,11,8,30
126575,OK,12,8,30
129011,OK,13,8,30
131370,OK,14,8,30
133731,OK,15,8,30
136144,OK,16,8,30
138575,OK,17,8,30
140989,OK,18,8,30
143371,OK,19,8,30
145800,OK,20,8,30
148124,OK,21,8,30
150542,OK,22,8,30
152980,OK,23,8,30
155379,OK,24,8,30
157819,OK,25,8,30
160155,OK,26,8,30
162616,FAIL,27,8,30
164997,OK,28,8,30
167325,OK,29,8,30
169762,OK,30,8,30
172161,OK,31,8,30
100167,OK,1,9,30
102533,OK,2,9,30
104980,OK,3,9,30
107358,OK,4,9,30
109774,OK,5,9,30
112157,OK,6,9,30
114553,OK,7,9,30
116984,OK,8,9,30
119410,OK,9,9,30
121785,OK,10,9,30
124207,OK,11,9,30
126590,OK,12,9,30
129016,OK,13,9,30
131376,OK,14,9,30
133817,OK,15,9,30
136138,OK,16,9,30
138563,OK,17,9,30
140948,OK,18,9,30
143410,OK,19,9,30
145796,OK,20,9,30
148151,OK,21,9,30
150604,OK,22,9,30
153002,OK,23,9,30
155333,OK,24,9,30
157759,OK,25,9,30
160129,OK,26,9,30
162609,OK,27,9,30
164961,OK,28,9,30
167360,OK,29,9,30
169728,OK,30,9,30
172131,OK,31,9,30
100135,OK,1,0,40
102544,OK,2,0,40
104999,OK,3,0,40
107359,OK,4,0,40
109770,OK,5,0,40
112136,OK,6,0,40
114532,OK,7,0,40
117002,OK,8,0,40
119348,OK,9,0,40
121746,OK,10,0,40
124212,OK,11,0,40
126604,OK,12,0,40
128934,OK,13,0,40
131381,OK,14,0,40
133791,OK,15,0,40
136177,OK,16,0,40
138602,OK,17,0,40
140976,OK,18,0,40
143403,OK,19,0,40
145819,OK,20,0,40
148218,OK,21,0,40
150584,OK,22,0,40
152972,OK,23,0,40
155363,OK,24,0,40
157751,OK,25,0,40
160142,OK,26,0,40
162553,OK,27,0,40
164941,OK,28,0,40
167371,OK,29,0,40
169816,OK,30,0,40
172193,OK,31,0,40
100158,OK,1,1,40
102576,OK,2,1,40
104960,OK,3,1,40
107323,OK,4,1,40
109761,OK,5,1,40
112172,OK,6,1,40
114547,OK,7,1,40
116959,OK,8,1,40
119383,OK,9,1,40
121726,OK,10,1,40
124126,OK,11,1,40
126533,OK,12,1,40
128979,OK,13,1,40
131334,OK,14,1,40
133792,OK,15,1,40
136187,OK,16,1,40
138520,OK,17,1,40
140988,OK,18,1,40
143356,OK,19,1,40
145765,OK,20,1,40
148209,OK,21,1,40
150573,OK,22,1,40
152981,OK,23,1,40
155403,OK,24,1,40
157802,OK,25,1,40
160165,OK,26,1,40
162551,OK,27,1,40
164982,OK,28,1,40
167337,OK,29,1,40
169800,OK,30,1,40
172160,OK,31,1,40
100174,OK,1,2,40
102566,OK,2,2,40
104948,OK,3,2,40
107413,OK,4,2,40
109727,OK,5,2,40
112194,OK,6,2,40
114618,OK,7,2,40
116996,OK,8,2,40
119338,OK,9,2,40
121760,OK,10,2,40
124136,OK,11,2,40
126597,OK,12,2,40
129001,OK,13,2,40
131400,OK,14,2,40
133813,OK,15,2,40
136205,OK,16,2,40
138583,OK,17,2,40
140943,OK,18,2,40
143409,OK,19,2,40
145774,OK,20,2,40
148123,OK,21,2,40
150530,OK,22,2,40
153007,OK,23,2,40
155380,OK,24,2,40
157725,OK,25,2,40
160123,OK,26,2,40
162568,OK,27,2,40
164945,OK,28,2,40
167389,OK,29,2,40
169782,OK,30,2,40
172188,OK,31,2,40
100199,OK,1,3,40
102575,OK,2,3,40
105010,OK,3,3,40
107382,OK,4,3,40
109777,OK,5,3,40
112122,OK,6,3,40
114531,OK,7,3,40
116970,OK,8,3,40
119355,OK,9,3,40
121761,OK,10,3,40
124187,OK,11,3,40
126553,OK,12,3,40
128956,OK,13,3,40
131371,OK,14,3,40
133815,OK,15,3,40
136197,OK,16,3,40
138591,OK,17,3,40
140998,OK,18,3,40
143322,OK,19,3,40
145809,OK,20,3,40
148207,OK,21,3,40
150599,OK,22,3,40
152982,OK,23,3,40
155368,OK,24,3,40
157733,OK,25,3,40
160127,OK,26,3,40
162544,OK,27,3,40
164943,OK,28,3,40
167397,OK,29,3,40
169791,OK,30,3,40
172165,OK,31,3,40
100150,OK,1,4,40
102551,OK,2,4,40
104930,OK,3,4,40
107331,OK,4,4,40
109733,OK,5,4,40
112175,OK,6,4,40
114601,OK,7,4,40
117014,OK,8,4,40
119402,OK,9,4,40
121819,OK,10,4,40
124166,OK,11,4,40
126554,OK,12,4,40
128955,OK,13,4,40
131351,OK,14,4,40
133747,OK,15,4,40
136216,OK,16,4,40
138576,OK,17,4,40
140982,OK,18,4,40
143331,OK,19,4,40
145735,OK,20,4,40
148205,OK,21,4,40
150568,OK,22,4,40
152969,OK,23,4,40
155393,OK,24,4,40
157748,OK,25,4,40
160196,OK,26,4,40
162617,OK,27,4,40
164994,OK,28,4,40
167387,OK,29,4,40
169775,OK,30,4,40
172123,OK,31,4,40
100202,OK,1,5,40
102613,OK,2,5,40
104988,OK,3,5,40
107343,OK,4,5,40
109743,OK,5,5,40
112211,OK,6,5,40
114596,OK,7,5,40
117010,OK,8,5,40
119343,OK,9,5,40
121802,OK,10,5,40
124151,OK,11,5,40
126588,OK,12,5,40
128936,OK,13,5,40
131373,OK,14,5,40
133778,OK,15,5,40
136165,OK,16,5,40
138609,OK,17,5,40
140966,OK,18,5,40
143365,OK,19,5,40
145791,OK,20,5,40
148162,OK,21,5,40
150615,OK,22,5,40
152966,OK,23,5,40
155373,OK,24,5,40
157729,OK,25,5,40
160164,OK,26,5,40
162539,OK,27,5,40
164960,OK,28,5,40
167323,OK,29,5,40
169758,OK,30,5,40
172197,OK,31,5,40
100187,OK,1,6,40
102532,OK,2,6,40
104974,OK,3,6,40
107399,OK,4,6,40
109776,OK,5,6,40
112216,OK,6,6,40
114575,OK,7,6,40
116929,OK,8,6,40
119324,OK,9,6,40
121773,OK,10,6,40
124132,OK,11,6,40
126568,OK,12,6,40
128931,OK,13,6,40
131380,OK,14,6,40
133733,OK,15,6,40
136132,OK,16,6,40
138536,OK,17,6,40
140995,OK,18,6,40
143379,OK,19,6,40
145781,FAIL,20,6,40
148206,OK,21,6,40
150590,OK,22,6,40
152942,OK,23,6,40
155353,OK,24,6,40
157809,OK,25,6,40
160207,OK,26,6,40
162525,OK,27,6,40
164927,OK,28,6,40
167357,OK,29,6,40
169742,OK,30,6,40
172212,OK,31,6,40
100169,OK,1,7,40
102589,OK,2,7,40
104922,OK,3,7,40
107355,OK,4,7,40
109730,OK,5,7,40
112197,OK,6,7,40
114521,OK,7,7,40
117007,OK,8,7,40
119364,OK,9,7,40
121806,OK,10,7,40
124158,OK,11,7,40
126566,OK,12,7,40
128984,OK,13,7,40
131363,OK,14,7,40
133785,OK,15,7,40
136158,OK,16,7,40
138541,OK,17,7,40
140965,OK,18,7,40
143330,OK,19,7,40
145761,OK,20,7,40
148211,OK,21,7,40
150541,OK,22,7,40
152920,OK,23,7,40
155345,OK,24,7,40
157741,OK,25,7,40
160124,OK,26,7,40
162545,OK,27,7,40
164990,OK,28,7,40
167367,OK,29,7,40
169766,OK,30,7,40
172141,OK,31,7,40
100144,OK,1,8,40
102605,OK,2,8,40
104983,OK,3,8,40
107401,OK,4,8,40
109750,OK,5,8,40
112209,OK,6,8,40
114600,OK,7,8,40
116947,OK,8,8,40
119403,OK,9,8,40
121744,OK,10,8,40
124134,OK,11,8,40
126523,OK,12,8,40
128933,OK,13,8,40
131329,OK,14,8,40
133807,OK,15,8,40
136147,OK,16,8,40
138557,OK,17,8,40
140993,OK,18,8,40
143320,OK,19,8,40
145724,OK,20,8,40
148200,OK,21,8,40
150607,OK,22,8,40
152938,OK,23,8,40
155350,OK,24,8,40
157734,OK,25,8,40
160125,OK,26,8,40
162573,OK,27,8,40
165006,OK,28,8,40
167345,OK,29,8,40
169783,OK,30,8,40
172205,OK,31,8,40
100159,OK,1,9,40
102609,OK,2,9,40
104961,OK,3,9,40
107400,OK,4,9,40
109819,OK,5,9,40
112192,OK,6,9,40
114615,OK,7,9,40
116994,OK,8,9,40
119363,OK,9,9,40
121763,OK,10,9,40
124203,OK,11,9,40
126606,OK,12,9,40
128939,OK,13,9,40
131383,OK,14,9,40
133760,OK,15,9,40
136170,OK,16,9,40
138580,OK,17,9,40
140930,OK,18,9,40
143389,OK,19,9,40
145786,OK,20,9,40
148173,OK,21,9,40
150554,OK,22,9,40
152971,OK,23,9,40
155382,OK,24,9,40
157816,OK,25,9,40
160186,OK,26,9,40
162527,OK,27,9,40
164988,OK,28,9,40
167378,OK,29,9,40
169784,OK,30,9,40
172122,OK,31,9,40
100156,OK,1,0,50
102582,OK,2,0,50
104956,OK,3,0,50
107411,OK,4,0,50
109725,OK,5,0,50
112143,OK,6,0,50
114525,OK,7,0,50
116974,OK,8,0,50
119367,OK,9,0,50
121786,OK,10,0,50
124148,OK,11,0,50
126612,FAIL,12,0,50
128978,OK,13,0,50
131392,OK,14,0,50
133777,OK,15,0,50
136217,OK,16,0,50
138595,OK,17,0,50
141013,OK,18,0,50
143360,OK,19,0,50
145805,OK,20,0,50
148136,OK,21,0,50
150526,OK,22,0,50
152975,OK,23,0,50
155391,OK,24,0,50
157795,OK,25,0,50
160134,OK,26,0,50
162590,OK,27,0,50
165004,OK,28,0,50
167322,OK,29,0,50
169811,OK,30,0,50
172153,OK,31,0,50
100139,OK,1,1,50
102550,OK,2,1,50
104952,OK,3,1,50
107360,OK,4,1,50
109751,OK,5,1,50
112183,OK,6,1,50
114562,OK,7,1,50
116964,OK,8,1,50
119378,OK,9,1,50
121811,OK,10,1,50
124167,OK,11,1,50
126610,OK,12,1,50
128926,OK,13,1,50
131332,OK,14,1,50
133752,OK,15,1,50
136214,OK,16,1,50
138616,OK,17,1,50
140984,OK,18,1,50
143350,OK,19,1,50
145738,OK,20,1,50
148149,OK,21,1,50
150537,OK,22,1,50
153015,OK,23,1,50
155397,OK,24,1,50
157752,OK,25,1,50
160189,OK,26,1,50
162569,OK,27,1,50
165013,OK,28,1,50
167359,OK,29,1,50
169746,OK,30,1,50
172124,OK,31,1,50
100196,OK,1,2,50
102523,OK,2,2,50
104921,OK,3,2,50
107363,OK,4,2,50
109808,OK,5,2,50
112127,OK,6,2,50
114554,OK,7,2,50
116950,OK,8,2,50
119326,FAIL,9,2,50
121769,OK,10,2,50
124210,OK,11,2,50
126546,OK,12,2,50
129002,OK,13,2,50
131342,OK,14,2,50
133797,OK,15,2,50
136186,OK,16,2,50
138613,OK,17,2,50
140961,OK,18,2,50
143384,OK,19,2,50
145818,OK,20,2,50
148150,OK,21,2,50
150602,OK,22,2,50
152948,OK,23,2,50
155336,OK,24,2,50
157723,OK,25,2,50
160174,OK,26,2,50
162605,OK,27,2,50
165016,OK,28,2,50
167366,OK,29,2,50
169754,OK,30,2,50
172151,OK,31,2,50
100136,OK,1,3,50
102565,OK,2,3,50
104953,OK,3,3,50
107354,OK,4,3,50
109737,OK,5,3,50
112138,OK,6,3,50
114542,OK,7,3,50
116966,OK,8,3,50
119396,OK,9,3,50
121813,OK,10,3,50
124178,OK,11,3,50
126581,OK,12,3,50
128964,OK,13,3,50
131407,OK,14,3,50
133745,OK,15,3,50
136167,OK,16,3,50
138559,OK,17,3,50
140947,OK,18,3,50
143418,OK,19,3,50
145722,OK,20,3,50
148133,OK,21,3,50
150551,OK,22,3,50
152997,OK,23,3,50
155343,OK,24,3,50
157810,OK,25,3,50
160145,FAIL,26,3,50
162555,OK,27,3,50
165011,OK,28,3,50
167398,OK,29,3,50
169780,OK,30,3,50
172199,OK,31,3,50
100140,OK,1,4,50
102537,OK,2,4,50
104933,OK,3,4,50
107353,OK,4,4,50
109756,OK,5,4,50
112163,OK,6,4,50
114597,OK,7,4,50
116973,OK,8,4,50
119400,OK,9,4,50
121779,OK,10,4,50
124214,OK,11,4,50
126521,OK,12,4,50
128959,OK,13,4,50
131360,OK,14,4,50
133806,OK,15,4,50
136148,OK,16,4,50
138597,OK,17,4,50
140987,OK,18,4,50
143342,OK,19,4,50
145801,OK,20,4,50
148152,OK,21,4,50
150572,OK,22,4,50
152996,OK,23,4,50
155395,OK,24,4,50
157817,OK,25,4,50
160176,OK,26,4,50
162577,OK,27,4,50
165019,OK,28,4,50
167402,OK,29,4,50
169786,OK,30,4,50
172177,OK,31,4,50
100168,OK,1,5,50
102574,OK,2,5,50
105000,OK,3,5,50
107325,OK,4,5,50
109783,OK,5,5,50
112151,OK,6,5,50
114617,OK,7,5,50
116924,OK,8,5,50
119352,OK,9,5,50
121815,OK,10,5,50
124180,OK,11,5,50
126589,OK,12,5,50
129019,OK,13,5,50
131387,OK,14,5,50
133808,OK,15,5,50
136126,OK,16,5,50
138550,OK,17,5,50
140950,OK,18,5,50
143395,OK,19,5,50
145768,OK,20,5,50
148212,OK,21,5,50
150614,OK,22,5,50
152957,OK,23,5,50
155337,OK,24,5,50
157763,OK,25,5,50
160152,OK,26,5,50
162578,OK,27,5,50
165008,OK,28,5,50
167414,OK,29,5,50
169799,OK,30,5,50
172214,OK,31,5,50
100177,OK,1,6,50
102535,OK,2,6,50
104931,OK,3,6,50
107340,OK,4,6,50
109767,OK,5,6,50
112205,OK,6,6,50
114556,OK,7,6,50
116989,OK,8,6,50
119357,OK,9,6,50
121736,OK,10,6,50
124149,OK,11,6,50
126559,OK,12,6,50
128944,OK,13,6,50
131337,OK,14,6,50
133790,OK,15,6,50
136166,OK,16,6,50
138532,OK,17,6,50
140923,OK,18,6,50
143405,OK,19,6,50
145802,OK,20,6,50
148166,OK,21,6,50
150613,OK,22,6,50
152992,OK,23,6,50
155394,OK,24,6,50
157801,OK,25,6,50
160135,OK,26,6,50
162571,OK,27,6,50
164986,OK,28,6,50
167419,OK,29,6,50
169772,OK,30,6,50
172216,OK,31,6,50
100208,OK,1,7,50
102557,OK,2,7,50
104979,OK,3,7,50
107321,OK,4,7,50
109768,OK,5,7,50
112164,OK,6,7,50
114574,OK,7,7,50
117003,OK,8,7,50
119337,OK,9,7,50
121788,OK,10,7,50
124125,OK,11,7,50
126569,FAIL,12,7,50
128986,OK,13,7,50
131403,OK,14,7,50
133743,OK,15,7,50
136190,OK,16,7,50
138544,OK,17,7,50
141018,OK,18,7,50
143347,OK,19,7,50
145741,OK,20,7,50
148186,OK,21,7,50
150608,OK,22,7,50
152959,OK,23,7,50
155390,OK,24,7,50
157792,OK,25,7,50
160198,OK,26,7,50
162614,OK,27,7,50
164952,OK,28,7,50
167343,OK,29,7,50
169808,OK,30,7,50
172201,OK,31,7,50
100207,OK,1,8,50
102568,OK,2,8,50
104982,OK,3,8,50
107357,OK,4,8,50
109810,OK,5,8,50
112196,OK,6,8,50
114602,OK,7,8,50
116933,OK,8,8,50
119413,OK,9,8,50
121777,OK,10,8,50
124121,OK,11,8,50
126542,OK,12,8,50
128929,OK,13,8,50
131341,OK,14,8,50
133728,OK,15,8,50
136176,OK,16,8,50
138547,OK,17,8,50
140925,OK,18,8,50
143416,OK,19,8,50
145732,OK,20,8,50
148146,OK,21,8,50
150594,OK,22,8,50
152933,OK,23,8,50
155356,OK,24,8,50
157808,OK,25,8,50
160141,OK,26,8,50
162543,OK,27,8,50
164959,OK,28,8,50
167361,OK,29,8,50
169819,OK,30,8,50
172169,OK,31,8,50
100163,OK,1,9,50
102577,OK,2,9,50
104928,OK,3,9,50
107406,OK,4,9,50
109807,OK,5,9,50
112204,OK,6,9,50
114561,OK,7,9,50
116937,OK,8,9,50
119330,OK,9,9,50
121782,OK,10,9,50
124181,OK,11,9,50
126573,OK,12,9,50
129006,OK,13,9,50
131372,OK,14,9,50
133805,OK,15,9,50
136192,OK,16,9,50
138593,OK,17,9,50
140938,OK,18,9,50
143346,OK,19,9,50
145793,OK,20,9,50
148210,OK,21,9,50
150585,OK,22,9,50
152962,OK,23,9,50
155413,OK,24,9,50
157811,OK,25,9,50
160149,OK,26,9,50
162594,OK,27,9,50
164930,OK,28,9,50
167369,OK,29,9,50
169723,OK,30,9,50
172126,OK,31,9,50
100132,OK,1,0,60
102555,OK,2,0,60
105009,OK,3,0,60
107351,OK,4,0,60
109735,OK,5,0,60
112148,OK,6,0,60
114593,OK,7,0,60
116985,OK,8,0,60
119336,OK,9,0,60
121737,OK,10,0,60
124197,OK,11,0,60
126527,OK,12,0,60
128951,OK,13,0,60
131385,OK,14,0,60
133740,OK,15,0,60
136219,OK,16,0,60
138535,OK,17,0,60
140922,OK,18,0,60
143390,OK,19,0,60
145792,OK,20,0,60
148196,OK,21,0,60
150574,OK,22,0,60
152941,OK,23,0,60
155322,OK,24,0,60
157767,OK,25,0,60
160193,OK,26,0,60
162585,OK,27,0,60
165017,OK,28,0,60
167335,OK,29,0,60
169753,OK,30,0,60
172167,OK,31,0,60
100191,OK,1,1,60
102553,OK,2,1,60
105001,OK,3,1,60
107329,OK,4,1,60
109809,OK,5,1,60
112190,OK,6,1,60
114607,OK,7,1,60
116958,OK,8,1,60
119389,OK,9,1,60
121776,OK,10,1,60
124183,OK,11,1,60
126539,OK,12,1,60
128975,OK,13,1,60
131375,OK,14,1,60
133770,OK,15,1,60
136135,OK,16,1,60
138562,OK,17,1,60
140969,OK,18,1,60
143351,OK,19,1,60
145806,OK,20,1,60
148178,OK,21,1,60
150569,OK,22,1,60
152968,OK,23,1,60
155398,FAIL,24,1,60
157754,OK,25,1,60
160178,OK,26,1,60
162602,OK,27,1,60
164975,OK,28,1,60
167373,OK,29,1,60
169743,OK,30,1,60
172155,OK,31,1,60
100200,OK,1,2,60
102619,OK,2,2,60
104995,OK,3,2,60
107322,OK,4,2,60
109800,OK,5,2,60
112129,OK,6,2,60
114545,OK,7,2,60
116967,OK,8,2,60
119416,OK,9,2,60
121775,OK,10,2,60
124163,OK,11,2,60
126602,OK,12,2,60
128989,OK,13,2,60
131391,OK,14,2,60
133795,OK,15,2,60
136172,OK,16,2,60
138592,OK,17,2,60
140941,OK,18,2,60
143344,OK,19,2,60
145803,OK,20,2,60
148121,OK,21,2,60
150571,OK,22,2,60
153000,OK,23,2,60
155359,OK,24,2,60
157746,OK,25,2,60
160122,OK,26,2,60
162562,OK,27,2,60
164937,OK,28,2,60
167356,OK,29,2,60
169802,OK,30,2,60
172215,OK,31,2,60
100209,OK,1,3,60
102571,OK,2,3,60
104987,OK,3,3,60
107350,OK,4,3,60
109793,OK,5,3,60
112153,OK,6,3,60
114558,OK,7,3,60
116979,OK,8,3,60
119369,OK,9,3,60
121768,OK,10,3,60
124138,OK,11,3,60
126584,OK,12,3,60
128947,OK,13,3,60
131326,OK,14,3,60
133756,OK,15,3,60
136182,OK,16,3,60
138533,OK,17,3,60
140942,OK,18,3,60
143335,OK,19,3,60
145794,OK,20,3,60
148185,OK,21,3,60
150582,OK,22,3,60
152988,OK,23,3,60
155378,OK,24,3,60
157774,OK,25,3,60
160170,OK,26,3,60
162597,OK,27,3,60
164949,OK,28,3,60
167352,OK,29,3,60
169740,OK,30,3,60
172184,OK,31,3,60
100128,OK,1,4,60
102522,OK,2,4,60
104959,OK,3,4,60
107380,OK,4,4,60
109815,OK,5,4,60
112173,OK,6,4,60
114543,OK,7,4,60
116992,OK,8,4,60
119368,OK,9,4,60
121801,OK,10,4,60
124171,OK,11,4,60
126545,OK,12,4,60
128976,OK,13,4,60
131321,OK,14,4,60
133758,OK,15,4,60
136181,OK,16,4,60
138525,OK,17,4,60
141002,OK,18,4,60
143367,OK,19,4,60
145797,OK,20,4,60
148189,OK,21,4,60
150529,OK,22,4,60
153009,OK,23,4,60
155412,OK,24,4,60
157760,OK,25,4,60
160213,OK,26,4,60
162530,OK,27,4,60
164974,OK,28,4,60
167333,OK,29,4,60
169750,OK,30,4,60
172166,OK,31,4,60
100162,OK,1,5,60
102615,OK,2,5,60
104949,OK,3,5,60
107403,OK,4,5,60
109748,OK,5,5,60
112125,OK,6,5,60
114551,OK,7,5,60
116960,OK,8,5,60
119409,OK,9,5,60
121804,OK,10,5,60
124205,OK,11,5,60
126560,OK,12,5,60
128998,OK,13,5,60
131354,OK,14,5,60
133726,OK,15,5,60
136153,OK,16,5,60
138564,OK,17,5,60
140935,OK,18,5,60
143355,OK,19,5,60
145760,OK,20,5,60
148129,OK,21,5,60
150565,OK,22,5,60
153004,OK,23,5,60
155323,OK,24,5,60
157728,OK,25,5,60
160192,OK,26,5,60
162541,OK,27,5,60
164983,OK,28,5,60
167392,OK,29,5,60
169759,OK,30,5,60
172135,OK,31,5,60
100176,OK,1,6,60
102548,OK,2,6,60
104946,OK,3,6,60
107356,OK,4,6,60
109792,OK,5,6,60
112149,OK,6,6,60
114599,OK,7,6,60
116957,OK,8,6,60
119386,OK,9,6,60
121723,OK,10,6,60
124193,OK,11,6,60
126526,OK,12,6,60
128999,OK,13,6,60
131417,OK,14,6,60
133818,OK,15,6,60
136215,OK,16,6,60
138565,OK,17,6,60
140980,OK,18,6,60
143362,OK,19,6,60
145762,OK,20,6,60
148125,OK,21,6,60
150549,OK,22,6,60
152923,OK,23,6,60
155406,OK,24,6,60
157736,OK,25,6,60
160209,OK,26,6,60
162520,OK,27,6,60
164962,OK,28,6,60
167413,OK,29,6,60
169725,OK,30,6,60
172128,OK,31,6,60
100197,OK,1,7,60
102572,OK,2,7,60
104934,OK,3,7,60
107415,OK,4,7,60
109816,OK,5,7,60
112180,OK,6,7,60
114579,OK,7,7,60
116955,OK,8,7,60
119329,OK,9,7,60
121751,OK,10,7,60
124124,OK,11,7,60
126565,OK,12,7,60
128967,FAIL,13,7,60
131398,OK,14,7,60
133782,OK,15,7,60
136171,OK,16,7,60
138526,OK,17,7,60
140949,OK,18,7,60
143388,OK,19,7,60
145754,OK,20,7,60
148197,OK,21,7,60
150601,OK,22,7,60
152922,OK,23,7,60
155327,OK,24,7,60
157771,OK,25,7,60
160126,OK,26,7,60
162574,OK,27,7,60
165001,OK,28,7,60
167416,OK,29,7,60
169764,OK,30,7,60
172125,OK,31,7,60
100147,OK,1,8,60
102562,OK,2,8,60
104986,OK,3,8,60
107367,OK,4,8,60
109797,OK,5,8,60
112213,OK,6,8,60
114559,OK,7,8,60
116935,OK,8,8,60
119407,OK,9,8,60
121750,OK,10,8,60
124186,OK,11,8,60
126570,OK,12,8,60
128965,OK,13,8,60
131345,OK,14,8,60
133804,OK,15,8,60
136203,OK,16,8,60
138589,OK,17,8,60
140975,OK,18,8,60
143343,OK,19,8,60
145771,OK,20,8,60
148122,OK,21,8,60
150577,OK,22,8,60
153014,OK,23,8,60
155341,OK,24,8,60
157798,OK,25,8,60
160150,OK,26,8,60
162615,OK,27,8,60
164924,OK,28,8,60
167415,OK,29,8,60
169807,OK,30,8,60
172182,OK,31,8,60
100172,OK,1,9,60
102610,OK,2,9,60
104926,OK,3,9,60
107405,OK,4,9,60
109739,OK,5,9,60
112141,OK,6,9,60
114546,OK,7,9,60
116997,OK,8,9,60
119382,FAIL,9,9,60
121721,OK,10,9,60
124161,OK,11,9,60
126551,OK,12,9,60
128968,OK,13,9,60
131349,OK,14,9,60
133754,OK,15,9,60
136175,OK,16,9,60
138570,OK,17,9,60
141016,OK,18,9,60
143396,OK,19,9,60
145798,OK,20,9,60
148167,OK,21,9,60
150591,OK,22,9,60
152986,OK,23,9,60
155417,OK,24,9,60
157806,OK,25,9,60
160144,OK,26,9,60
162534,OK,27,9,60
164985,OK,28,9,60
167338,OK,29,9,60
169777,OK,30,9,60
172148,OK,31,9,60
100194,OK,1,0,70
102521,OK,2,0,70
104923,OK,3,0,70
107349,OK,4,0,70
109732,OK,5,0,70
112214,OK,6,0,70
114590,OK,7,0,70
117000,OK,8,0,70
119398,OK,9,0,70
121734,OK,10,0,70
124191,OK,11,0,70
126528,OK,12,0,70
129004,OK,13,0,70
131365,OK,14,0,70
133737,OK,15,0,70
136174,OK,16,0,70
138614,OK,17,0,70
140991,OK,18,0,70
143368,OK,19,0,70
145745,OK,20,0,70
148157,OK,21,0,70
150531,OK,22,0,70
152949,OK,23,0,70
155349,OK,24,0,70
157739,OK,25,0,70
160137,OK,26,0,70
162589,OK,27,0,70
164940,OK,28,0,70
167377,OK,29,0,70
169770,OK,30,0,70
172143,OK,31,0,70
100198,OK,1,1,70
102542,OK,2,1,70
104981,OK,3,1,70
107324,OK,4,1,70
109754,OK,5,1,70
112160,OK,6,1,70
114566,OK,7,1,70
116948,OK,8,1,70
119379,OK,9,1,70
121809,OK,10,1,70
124198,OK,11,1,70
126591,OK,12,1,70
128994,OK,13,1,70
131374,OK,14,1,70
133771,OK,15,1,70
136179,OK,16,1,70
138604,OK,17,1,70
141019,OK,18,1,70
143339,OK,19,1,70
145736,OK,20,1,70
148148,OK,21,1,70
150539,OK,22,1,70
152984,OK,23,1,70
155404,OK,24,1,70
157815,OK,25,1,70
160128,OK,26,1,70
162599,OK,27,1,70
164947,OK,28,1,70
167353,OK,29,1,70
169797,OK,30,1,70
172136,OK,31,1,70
100190,OK,1,2,70
102559,OK,2,2,70
105007,OK,3,2,70
107364,OK,4,2,70
109782,OK,5,2,70
112166,OK,6,2,70
114592,OK,7,2,70
116923,OK,8,2,70
119392,OK,9,2,70
121762,OK,10,2,70
124190,OK,11,2,70
126537,OK,12,2,70
128921,OK,13,2,70
131404,OK,14,2,70
133735,OK,15,2,70
136200,OK,16,2,70
138552,OK,17,2,70
140962,OK,18,2,70
143374,OK,19,2,70
145808,OK,20,2,70
148199,OK,21,2,70
150600,OK,22,2,70
152965,OK,23,2,70
155328,OK,24,2,70
157766,OK,25,2,70
160139,OK,26,2,70
162563,OK,27,2,70
165010,OK,28,2,70
167341,OK,29,2,70
169787,OK,30,2,70
172198,OK,31,2,70
100155,OK,1,3,70
102564,OK,2,3,70
105004,OK,3,3,70
107333,OK,4,3,70
109787,OK,5,3,70
112162,OK,6,3,70
114578,OK,7,3,70
116922,OK,8,3,70
119360,OK,9,3,70
121733,OK,10,3,70
124189,OK,11,3,70
126615,OK,12,3,70
128970,OK,13,3,70
131347,OK,14,3,70
133779,OK,15,3,70
136204,OK,16,3,70
138540,OK,17,3,70
140956,OK,18,3,70
143398,OK,19,3,70
145726,OK,20,3,70
148214,OK,21,3,70
150527,OK,22,3,70
152961,OK,23,3,70
155376,OK,24,3,70
157768,OK,25,3,70
160151,OK,26,3,70
162619,OK,27,3,70
164968,OK,28,3,70
167329,OK,29,3,70
169788,OK,30,3,70
172139,OK,31,3,70
100216,OK,1,4,70
102593,OK,2,4,70
104976,OK,3,4,70
107410,OK,4,4,70
109812,OK,5,4,70
112133,OK,6,4,70
114538,OK,7,4,70
116968,OK,8,4,70
119374,OK,9,4,70
121803,OK,10,4,70
124154,OK,11,4,70
126609,OK,12,4,70
128950,OK,13,4,70
131393,OK,14,4,70
133739,OK,15,4,70
136173,OK,16,4,70
138566,OK,17,4,70
140971,OK,18,4,70
143413,OK,19,4,70
145731,OK,20,4,70
148144,OK,21,4,70
150562,OK,22,4,70
152930,OK,23,4,70
155358,OK,24,4,70
157783,OK,25,4,70
160167,OK,26,4,70
162557,OK,27,4,70
164966,OK,28,4,70
167347,OK,29,4,70
169798,OK,30,4,70
172211,OK,31,4,70
100126,OK,1,5,70
102560,OK,2,5,70
104978,OK,3,5,70
107326,OK,4,5,70
109763,OK,5,5,70
112171,OK,6,5,70
114587,OK,7,5,70
116949,OK,8,5,70
119328,OK,9,5,70
121748,OK,10,5,70
124147,OK,11,5,70
126529,OK,12,5,70
129005,OK,13,5,70
131346,OK,14,5,70
133793,OK,15,5,70
136123,OK,16,5,70
138587,OK,17,5,70
141005,OK,18,5,70
143412,OK,19,5,70
145759,OK,20,5,70
148180,OK,21,5,70
150525,OK,22,5,70
152983,OK,23,5,70
155381,OK,24,5,70
157779,OK,25,5,70
160188,OK,26,5,70
162548,OK,27,5,70
164922,OK,28,5,70
167372,OK,29,5,70
169771,OK,30,5,70
172170,OK,31,5,70
100170,OK,1,6,70
102597,OK,2,6,70
104942,OK,3,6,70
107419,OK,4,6,70
109740,OK,5,6,70
112191,OK,6,6,70
114605,OK,7,6,70
116998,OK,8,6,70
119376,OK,9,6,70
121772,OK,10,6,70
124145,OK,11,6,70
126544,OK,12,6,70
128990,OK,13,6,70
131348,OK,14,6,70
133809,OK,15,6,70
136136,OK,16,6,70
138537,OK,17,6,70
140999,OK,18,6,70
143411,OK,19,6,70
145739,OK,20,6,70
148183,OK,21,6,70
150553,OK,22,6,70
152985,OK,23,6,70
155383,OK,24,6,70
157784,OK,25,6,70
160177,OK,26,6,70
162521,OK,27,6,70
164964,OK,28,6,70
167332,OK,29,6,70
169779,OK,30,6,70
172181,OK,31,6,70
100212,OK,1,7,70
102580,OK,2,7,70
104932,OK,3,7,70
107391,OK,4,7,70
109773,OK,5,7,70
112203,OK,6,7,70
114585,OK,7,7,70
117011,OK,8,7,70
119397,OK,9,7,70
121758,OK,10,7,70
124201,OK,11,7,70
126578,OK,12,7,70
128954,OK,13,7,70
131350,OK,14,7,70
133751,OK,15,7,70
136201,OK,16,7,70
138582,FAIL,17,7,70
140933,OK,18,7,70
143387,OK,19,7,70
145776,OK,20,7,70
148135,OK,21,7,70
150567,OK,22,7,70
152951,OK,23,7,70
155342,OK,24,7,70
157803,OK,25,7,70
160163,OK,26,7,70
162532,OK,27,7,70
164946,OK,28,7,70
167404,OK,29,7,70
169809,OK,30,7,70
172164,OK,31,7,70
100217,OK,1,8,70
102596,OK,2,8,70
104994,OK,3,8,70
107392,OK,4,8,70
109749,OK,5,8,70
112126,OK,6,8,70
114608,OK,7,8,70
116951,OK,8,8,70
119406,OK,9,8,70
121792,OK,10,8,70
124141,OK,11,8,70
126605,OK,12,8,70
128940,OK,13,8,70
131412,OK,14,8,70
133784,OK,15,8,70
136198,OK,16,8,70
138545,OK,17,8,70
140990,OK,18,8,70
143392,OK,19,8,70
145720,OK,20,8,70
148130,OK,21,8,70
150595,OK,22,8,70
152940,OK,23,8,70
155352,OK,24,8,70
157755,OK,25,8,70
160210,OK,26,8,70
162565,OK,27,8,70
164936,OK,28,8,70
167401,OK,29,8,70
169803,OK,30,8,70
172133,OK,31,8,70
100165,OK,1,9,70
102617,OK,2,9,70
105013,OK,3,9,70
107389,OK,4,9,70
109801,OK,5,9,70
112146,OK,6,9,70
114526,OK,7,9,70
117019,OK,8,9,70
119341,FAIL,9,9,70
121720,OK,10,9,70
124143,OK,11,9,70
126555,OK,12,9,70
128953,OK,13,9,70
131343,OK,14,9,70
133789,OK,15,9,70
136156,OK,16,9,70
138542,OK,17,9,70
140953,OK,18,9,70
143370,OK,19,9,70
145773,OK,20,9,70
148132,OK,21,9,70
150597,OK,22,9,70
153012,OK,23,9,70
155392,OK,24,9,70
157749,OK,25,9,70
160187,OK,26,9,70
162611,OK,27,9,70
164938,OK,28,9,70
167403,OK,29,9,70
169724,OK,30,9,70
172174,OK,31,9,70
100183,OK,1,0,80
102591,OK,2,0,80
105008,OK,3,0,80
107339,OK,4,0,80
109741,OK,5,0,80
112176,OK,6,0,80
114586,OK,7,0,80
117001,OK,8,0,80
119387,OK,9,0,80
121799,OK,10,0,80
124216,OK,11,0,80
126564,OK,12,0,80
129017,FAIL,13,0,80
131395,OK,14,0,80
133748,OK,15,0,80
136151,OK,16,0,80
138569,OK,17,0,80
140977,OK,18,0,80
143408,OK,19,0,80
145764,OK,20,0,80
148159,OK,21,0,80
150576,OK,22,0,80
153019,OK,23,0,80
155370,OK,24,0,80
157770,OK,25,0,80
160217,OK,26,0,80
162522,OK,27,0,80
164998,OK,28,0,80
167412,OK,29,0,80
169747,OK,30,0,80
172200,OK,31,0,80
100149,OK,1,1,80
102524,OK,2,1,80
104938,OK,3,1,80
107352,OK,4,1,80
109752,OK,5,1,80
112167,OK,6,1,80
114548,OK,7,1,80
116976,OK,8,1,80
119414,FAIL,9,1,80
121735,OK,10,1,80
124165,OK,11,1,80
126599,OK,12,1,80
129015,OK,13,1,80
131390,OK,14,1,80
133753,OK,15,1,80
136213,OK,16,1,80
138579,OK,17,1,80
140996,OK,18,1,80
143391,OK,19,1,80
145790,OK,20,1,80
148140,OK,21,1,80
150547,OK,22,1,80
152935,OK,23,1,80
155360,OK,24,1,80
157773,OK,25,1,80
160202,OK,26,1,80
162560,OK,27,1,80
164920,OK,28,1,80
167391,OK,29,1,80
169731,OK,30,1,80
172149,OK,31,1,80
100133,OK,1,2,80
102527,OK,2,2,80
104973,OK,3,2,80
107327,OK,4,2,80
109728,OK,5,2,80
112186,OK,6,2,80
114560,OK,7,2,80
116926,OK,8,2,80
119354,OK,9,2,80
121818,OK,10,2,80
124130,OK,11,2,80
126558,OK,12,2,80
128932,OK,13,2,80
131408,OK,14,2,80
133744,OK,15,2,80
136122,OK,16,2,80
138554,OK,17,2,80
141014,OK,18,2,80
143375,OK,19,2,80
145799,OK,20,2,80
148168,OK,21,2,80
150592,OK,22,2,80
152953,OK,23,2,80
155365,OK,24,2,80
157814,OK,25,2,80
160120,OK,26,2,80
162596,FAIL,27,2,80
164928,OK,28,2,80
167330,OK,29,2,80
169748,OK,30,2,80
172171,OK,31,2,80
100214,OK,1,3,80
102531,OK,2,3,80
104990,OK,3,3,80
107362,OK,4,3,80
109794,OK,5,3,80
112124,OK,6,3,80
114595,OK,7,3,80
116995,OK,8,3,80
119373,OK,9,3,80
121791,OK,10,3,80
124182,OK,11,3,80
126524,OK,12,3,80
129010,OK,13,3,80
131335,OK,14,3,80
133781,OK,15,3,80
136161,OK,16,3,80
138590,OK,17,3,80
140960,OK,18,3,80
143376,OK,19,3,80
145752,OK,20,3,80
148213,OK,21,3,80
150587,OK,22,3,80
152998,OK,23,3,80
155416,OK,24,3,80
157756,OK,25,3,80
160195,OK,26,3,80
162581,OK,27,3,80
165000,OK,28,3,80
167379,OK,29,3,80
169738,OK,30,3,80
172189,OK,31,3,80
100138,OK,1,4,80
102598,OK,2,4,80
105003,OK,3,4,80
107396,OK,4,4,80
109731,OK,5,4,80
112219,OK,6,4,80
114536,OK,7,4,80
117008,OK,8,4,80
119332,OK,9,4,80
121732,OK,10,4,80
124199,OK,11,4,80
126530,OK,12,4,80
129007,OK,13,4,80
131415,OK,14,4,80
133742,OK,15,4,80
136127,OK,16,4,80
138617,OK,17,4,80
140955,OK,18,4,80
143324,OK,19,4,80
145787,OK,20,4,80
148194,OK,21,4,80
150536,OK,22,4,80
152946,OK,23,4,80
155364,OK,24,4,80
157743,OK,25,4,80
160197,OK,26,4,80
162576,OK,27,4,80
164939,OK,28,4,80
167326,OK,29,4,80
169733,OK,30,4,80
172138,OK,31,4,80
100206,OK,1,5,80
102556,OK,2,5,80
104920,OK,3,5,80
107384,OK,4,5,80
109813,OK,5,5,80
112137,OK,6,5,80
114528,OK,7,5,80
117013,OK,8,5,80
119340,OK,9,5,80
121796,OK,10,5,80
124215,OK,11,5,80
126582,OK,12,5,80
128943,OK,13,5,80
131364,OK,14,5,80
133762,OK,15,5,80
136185,OK,16,5,80
138611,OK,17,5,80
140931,OK,18,5,80
143383,OK,19,5,80
145749,OK,20,5,80
148126,OK,21,5,80
150603,OK,22,5,80
152950,OK,23,5,80
155361,OK,24,5,80
157753,OK,25,5,80
160206,OK,26,5,80
162601,OK,27,5,80
165018,OK,28,5,80
167381,OK,29,5,80
169744,OK,30,5,80
172159,OK,31,5,80
100141,OK,1,6,80
102540,OK,2,6,80
104965,OK,3,6,80
107393,OK,4,6,80
109736,OK,5,6,80
112174,OK,6,6,80
114584,OK,7,6,80
116975,OK,8,6,80
119408,OK,9,6,80
121731,OK,10,6,80
124157,OK,11,6,80
126580,OK,12,6,80
128922,OK,13,6,80
131405,OK,14,6,80
133764,OK,15,6,80
136133,OK,16,6,80
138539,OK,17,6,80
140997,OK,18,6,80
143361,OK,19,6,80
145795,OK,20,6,80
148190,OK,21,6,80
150588,OK,22,6,80
153001,OK,23,6,80
155332,OK,24,6,80
157794,OK,25,6,80
160169,OK,26,6,80
162608,OK,27,6,80
164921,OK,28,6,80
167328,OK,29,6,80
169726,OK,30,6,80
172209,OK,31,6,80
100152,OK,1,7,80
102520,OK,2,7,80
104970,OK,3,7,80
107348,OK,4,7,80
109747,OK,5,7,80
112206,OK,6,7,80
114573,OK,7,7,80
116945,OK,8,7,80
119399,OK,9,7,80
121752,OK,10,7,80
124128,OK,11,7,80
126583,OK,12,7,80
128941,OK,13,7,80
131320,OK,14,7,80
133774,OK,15,7,80
136199,OK,16,7,80
138605,OK,17,7,80
140970,OK,18,7,80
143363,OK,19,7,80
145742,OK,20,7,80
148203,OK,21,7,80
150534,OK,22,7,80
152990,OK,23,7,80
155402,OK,24,7,80
157772,OK,25,7,80
160161,OK,26,7,80
162606,OK,27,7,80
164951,OK,28,7,80
167348,OK,29,7,80
169721,OK,30,7,80
172178,OK,31,7,80
100153,OK,1,8,80
102530,OK,2,8,80
104972,OK,3,8,80
107404,OK,4,8,80
109795,OK,5,8,80
112130,OK,6,8,80
114603,OK,7,8,80
117009,OK,8,8,80
119344,OK,9,8,80
121794,OK,10,8,80
124127,OK,11,8,80
126607,OK,12,8,80
128991,OK,13,8,80
131357,OK,14,8,80
133776,OK,15,8,80
136218,OK,16,8,80
138585,OK,17,8,80
140936,OK,18,8,80
143328,OK,19,8,80
145729,OK,20,8,80
148141,OK,21,8,80
150522,OK,22,8,80
152932,OK,23,8,80
155335,OK,24,8,80
157737,OK,25,8,80
160147,OK,26,8,80
162583,OK,27,8,80
165002,OK,28,8,80
167375,OK,29,8,80
169815,OK,30,8,80
172191,OK,31,8,80
100201,FAIL,1,9,80
102570,OK,2,9,80
105019,OK,3,9,80
107414,OK,4,9,80
109738,OK,5,9,80
112199,OK,6,9,80
114614,OK,7,9,80
117015,OK,8,9,80
119327,OK,9,9,80
121805,OK,10,9,80
124156,OK,11,9,80
126576,OK,12,9,80
128982,OK,13,9,80
131386,OK,14,9,80
133738,OK,15,9,80
136183,OK,16,9,80
138531,OK,17,9,80
141003,OK,18,9,80
143402,OK,19,9,80
145757,OK,20,9,80
148127,OK,21,9,80
150611,OK,22,9,80
152931,OK,23,9,80
155408,OK,24,9,80
157789,OK,25,9,80
160181,OK,26,9,80
162561,OK,27,9,80
164953,OK,28,9,80
167334,OK,29,9,80
169817,OK,30,9,80
172144,OK,31,9,80
100148,OK,1,0,90
102552,OK,2,0,90
104966,OK,3,0,90
107334,OK,4,0,90
109804,OK,5,0,90
112207,OK,6,0,90
114606,OK,7,0,90
116940,OK,8,0,90
119334,OK,9,0,90
121767,OK,10,0,90
124209,OK,11,0,90
126611,OK,12,0,90
129013,OK,13,0,90
131416,OK,14,0,90
133759,OK,15,0,90
136149,OK,16,0,90
138594,OK,17,0,90
140939,OK,18,0,90
143338,OK,19,0,90
145816,OK,20,0,90
148160,OK,21,0,90
150598,OK,22,0,90
153013,OK,23,0,90
155396,OK,24,0,90
157775,OK,25,0,90
160171,OK,26,0,90
162600,OK,27,0,90
165015,OK,28,0,90
167406,OK,29,0,90
169768,OK,30,0,90
172127,OK,31,0,90
100219,OK,1,1,90
102546,OK,2,1,90
104944,OK,3,1,90
107408,OK,4,1,90
109723,OK,5,1,90
112215,OK,6,1,90
114610,OK,7,1,90
116988,OK,8,1,90
119380,OK,9,1,90
121756,OK,10,1,90
124184,OK,11,1,90
126563,OK,12,1,90
129014,OK,13,1,90
131396,OK,14,1,90
133788,OK,15,1,90
136137,OK,16,1,90
138530,OK,17,1,90
141001,OK,18,1,90
143369,OK,19,1,90
145737,OK,20,1,90
148191,OK,21,1,90
150548,OK,22,1,90
152993,OK,23,1,90
155409,OK,24,1,90
157762,OK,25,1,90
160204,OK,26,1,90
162549,OK,27,1,90
164989,OK,28,1,90
167383,OK,29,1,90
169792,OK,30,1,90
172185,OK,31,1,90
100122,OK,1,2,90
102600,OK,2,2,90
104975,OK,3,2,90
107379,OK,4,2,90
109734,OK,5,2,90
112135,OK,6,2,90
114612,OK,7,2,90
116987,OK,8,2,90
119339,OK,9,2,90
121729,OK,10,2,90
124152,OK,11,2,90
126608,OK,12,2,90
128983,OK,13,2,90
131411,OK,14,2,90
133725,OK,15,2,90
136134,OK,16,2,90
138619,OK,17,2,90
140944,OK,18,2,90
143327,OK,19,2,90
145753,OK,20,2,90
148171,OK,21,2,90
150550,OK,22,2,90
152936,OK,23,2,90
155362,OK,24,2,90
157786,OK,25,2,90
160166,OK,26,2,90
162572,OK,27,2,90
164931,OK,28,2,90
167399,OK,29,2,90
169793,OK,30,2,90
172194,OK,31,2,90
100211,OK,1,3,90
102539,OK,2,3,90
104989,OK,3,3,90
107394,OK,4,3,90
109746,OK,5,3,90
112210,OK,6,3,90
114619,OK,7,3,90
117006,OK,8,3,90
119353,OK,9,3,90
121781,OK,10,3,90
124144,OK,11,3,90
126574,OK,12,3,90
128935,OK,13,3,90
131368,OK,14,3,90
133783,OK,15,3,90
136207,OK,16,3,90
138598,OK,17,3,90
140972,OK,18,3,90
143381,FAIL,19,3,90
145763,OK,20,3,90
148142,OK,21,3,90
150586,OK,22,3,90
152987,OK,23,3,90
155388,OK,24,3,90
157805,OK,25,3,90
160132,OK,26,3,90
162523,OK,27,3,90
164965,OK,28,3,90
167405,OK,29,3,90
169804,OK,30,3,90
172202,OK,31,3,90
100189,OK,1,4,90
102579,OK,2,4,90
104943,OK,3,4,90
107332,OK,4,4,90
109759,OK,5,4,90
112217,OK,6,4,90
114552,OK,7,4,90
117012,OK,8,4,90
119349,OK,9,4,90
121755,OK,10,4,90
124172,OK,11,4,90
126531,OK,12,4,90
128993,OK,13,4,90
131336,OK,14,4,90
133730,OK,15,4,90
136209,OK,16,4,90
138581,OK,17,4,90
141015,OK,18,4,90
143407,OK,19,4,90
145814,OK,20,4,90
148169,OK,21,4,90
150583,OK,22,4,90
152991,OK,23,4,90
155418,OK,24,4,90
157787,OK,25,4,90
160156,OK,26,4,90
162537,OK,27,4,90
164958,OK,28,4,90
167362,OK,29,4,90
169739,OK,30,4,90
172156,OK,31,4,90
100130,OK,1,5,90
102606,OK,2,5,90
104935,OK,3,5,90
107386,OK,4,5,90
109780,OK,5,5,90
112145,OK,6,5,90
114530,OK,7,5,90
117004,OK,8,5,90
119322,OK,9,5,90
121793,OK,10,5,90
124162,OK,11,5,90
126577,OK,12,5,90
128960,OK,13,5,90
131352,OK,14,5,90
133724,OK,15,5,90
136131,OK,16,5,90
138561,OK,17,5,90
140934,OK,18,5,90
143393,OK,19,5,90
145815,OK,20,5,90
148179,OK,21,5,90
150544,OK,22,5,90
152928,OK,23,5,90
155351,OK,24,5,90
157744,OK,25,5,90
160200,OK,26,5,90
162607,OK,27,5,90
164935,OK,28,5,90
167355,OK,29,5,90
169755,OK,30,5,90
172203,OK,31,5,90
100184,OK,1,6,90
102594,OK,2,6,90
104985,OK,3,6,90
107381,OK,4,6,90
109785,OK,5,6,90
112158,OK,6,6,90
114522,OK,7,6,90
116965,OK,8,6,90
119415,OK,9,6,90
121747,OK,10,6,90
124168,OK,11,6,90
126587,OK,12,6,90
128945,OK,13,6,90
131333,OK,14,6,90
133803,OK,15,6,90
136163,OK,16,6,90
138555,OK,17,6,90
140985,OK,18,6,90
143340,OK,19,6,90
145811,OK,20,6,90
148193,OK,21,6,90
150578,OK,22,6,90
152989,OK,23,6,90
155377,OK,24,6,90
157782,OK,25,6,90
160190,OK,26,6,90
162592,OK,27,6,90
164929,OK,28,6,90
167370,OK,29,6,90
169810,OK,30,6,90
172121,OK,31,6,90
100161,OK,1,7,90
102592,OK,2,7,90
104929,OK,3,7,90
107335,OK,4,7,90
109742,OK,5,7,90
112177,OK,6,7,90
114557,OK,7,7,90
116980,OK,8,7,90
119366,OK,9,7,90
121730,OK,10,7,90
124200,OK,11,7,90
126616,OK,12,7,90
128961,OK,13,7,90
131322,OK,14,7,90
133794,OK,15,7,90
136139,OK,16,7,90
138599,OK,17,7,90
140964,OK,18,7,90
143325,OK,19,7,90
145780,OK,20,7,90
148181,OK,21,7,90
150610,OK,22,7,90
153003,OK,23,7,90
155405,OK,24,7,90
157721,OK,25,7,90
160183,OK,26,7,90
162567,OK,27,7,90
164995,OK,28,7,90
167393,OK,29,7,90
169774,OK,30,7,90
172120,OK,31,7,90
100120,OK,1,8,90
102529,OK,2,8,90
104940,OK,3,8,90
107398,OK,4,8,90
109772,OK,5,8,90
112128,OK,6,8,90
114577,OK,7,8,90
116943,OK,8,8,90
119350,OK,9,8,90
121774,OK,10,8,90
124202,OK,11,8,90
126592,OK,12,8,90
128957,OK,13,8,90
131355,OK,14,8,90
133769,OK,15,8,90
136169,OK,16,8,90
138586,OK,17,8,90
140929,OK,18,8,90
143352,OK,19,8,90
145767,OK,20,8,90
148120,OK,21,8,90
150609,OK,22,8,90
152944,OK,23,8,90
155326,OK,24,8,90
157727,OK,25,8,90
160159,OK,26,8,90
162584,OK,27,8,90
164996,OK,28,8,90
167340,OK,29,8,90
169756,OK,30,8,90
172217,OK,31,8,90
100205,OK,1,9,90
102549,OK,2,9,90
104937,OK,3,9,90
107338,OK,4,9,90
109722,OK,5,9,90
112200,OK,6,9,90
114524,OK,7,9,90
116946,OK,8,9,90
119388,FAIL,9,9,90
121798,OK,10,9,90
124159,OK,11,9,90
126601,OK,12,9,90
129000,OK,13,9,90
131388,OK,14,9,90
133767,OK,15,9,90
136155,OK,16,9,90
138618,OK,17,9,90
140959,OK,18,9,90
143359,OK,19,9,90
145751,OK,20,9,90
148204,OK,21,9,90
150570,OK,22,9,90
152955,OK,23,9,90
155369,OK,24,9,90
157765,OK,25,9,90
160179,OK,26,9,90
162582,OK,27,9,90
164978,OK,28,9,90
167390,OK,29,9,90
169795,OK,30,9,90
172137,OK,31,9,90
